id, productName
390c7fcd-002d-4960-8f81-fd0ce725e71e,quis possimus corporis
06a1a494-9234-42f1-bd90-50c53e4e14a1,commodi nisi rem
cb2f9529-a548-4883-b7ec-a45e84ca3e94,similique incidunt consequatur
c772f5ef-8c6d-457f-9f55-d84a4ecbc6ea,hic est sint
9dba68cd-b5ba-4d33-a919-16787019e312,ipsam tenetur non
3d9f5914-e8a7-4d34-bfe7-dae18d5b165f,reiciendis assumenda hic
47d5ff01-f702-4823-ae61-15d9bcbdeb81,fuga voluptas commodi
b64e6d1f-9390-4702-9f79-b2ebfd86a731,velit sunt repellendus
0e00bfa8-73f1-4dea-b72c-2ff3d3a41c7d,ut recusandae nemo
abe24d52-f8b5-4c5b-bb01-eb4da3b905ed,tempora optio optio
